Workbook

Sheet data
A1: OrderID | B1: Month | C1: City | D1: Product | E1: Quantity | F1: UnitPrice | G1: Total
A2: C01 | B2: Jul | C2: Lahore | D2: Embroidered Shawl | E2: 2 | F2: 3500 | G2: =E2*F2 -> 7000
A3: C02 | B3: Jul | C3: Multan | D3: Blue Pottery Vase | E3: 1 | F3: 2200 | G3: =E3*F3 -> 2200
A4: C03 | B4: Jul | C4: Karachi | D4: Handmade Bag | E4: 3 | F4: 1500 | G4: =E4*F4 -> 4500
A5: C04 | B5: Jul | C5: Islamabad | D5: Khussa | E5: 2 | F5: 1800 | G5: =E5*F5 -> 3600
A6: C05 | B6: Jul | C6: Lahore | D6: Handmade Bag | E6: 1 | F6: 1500 | G6: =E6*F6 -> 1500
A7: C06 | B7: Jul | C7: Multan | D7: Embroidered Shawl | E7: 1 | F7: 3500 | G7: =E7*F7 -> 3500
A8: C07 | B8: Aug | C8: Lahore | D8: Blue Pottery Vase | E8: 2 | F8: 2200 | G8: =E8*F8 -> 4400
A9: C08 | B9: Aug | C9: Karachi | D9: Embroidered Shawl | E9: 3 | F9: 3500 | G9: =E9*F9 -> 10500
A10: C09 | B10: Aug | C10: Multan | D10: Khussa | E10: 4 | F10: 1800 | G10: =E10*F10 -> 7200
A11: C10 | B11: Aug | C11: Islamabad | D11: Handmade Bag | E11: 2 | F11: 1500 | G11: =E11*F11 -> 3000
A12: C11 | B12: Aug | C12: Lahore | D12: Khussa | E12: 1 | F12: 1800 | G12: =E12*F12 -> 1800
A13: C12 | B13: Aug | C13: Karachi | D13: Blue Pottery Vase | E13: 1 | F13: 2200 | G13: =E13*F13 -> 2200
... A19: C18 | B19: Sep | C19: Lahore | D19: Blue Pottery Vase | E19: 3 | F19: 2200 | G19: =E19*F19 -> 6600

Sheet summary
A1: Total sales | B1: Total average | C1: Totak orders
A2: =SUM(data!G2:G19) -> 82900 | B2: =AVERAGE(data!G2:G19) -> 4605.5556 | C2: =COUNTA(data!A2:A19) -> 18
A3: =SUM(data!G3:G20) -> 75900 | B3: =AVERAGE(data!G3:G20) -> 4464.7059 | C3: =COUNTA(data!A3:A20) -> 17
A4: =SUM(data!G4:G21) -> 73700 | B4: =AVERAGE(data!G4:G21) -> 4606.25 | C4: =COUNTA(data!A4:A21) -> 16
A5: =SUM(data!G5:G22) -> 69200 | B5: =AVERAGE(data!G5:G22) -> 4613.3333 | C5: =COUNTA(data!A5:A22) -> 15
A6: =SUM(data!G6:G23) -> 65600 | B6: =AVERAGE(data!G6:G23) -> 4685.7143 | C6: =COUNTA(data!A6:A23) -> 14
A7: =SUM(data!G7:G24) -> 64100 | B7: =AVERAGE(data!G7:G24) -> 4930.7692 | C7: =COUNTA(data!A7:A24) -> 13
A8: =SUM(data!G8:G25) -> 60600 | B8: =AVERAGE(data!G8:G25) -> 5050 | C8: =COUNTA(data!A8:A25) -> 12
A9: =SUM(data!G9:G26) -> 56200 | B9: =AVERAGE(data!G9:G26) -> 5109.0909 | C9: =COUNTA(data!A9:A26) -> 11
A10: =SUM(data!G10:G27) -> 45700 | B10: =AVERAGE(data!G10:G27) -> 4570 | C10: =COUNTA(data!A10:A27) -> 10
A11: =SUM(data!G11:G28) -> 38500 | B11: =AVERAGE(data!G11:G28) -> 4277.7778 | C11: =COUNTA(data!A11:A28) -> 9
A12: =SUM(data!G12:G29) -> 35500 | B12: =AVERAGE(data!G12:G29) -> 4437.5 | C12: =COUNTA(data!A12:A29) -> 8
A13: =SUM(data!G13:G30) -> 33700 | B13: =AVERAGE(data!G13:G30) -> 4814.2857 | C13: =COUNTA(data!A13:A30) -> 7
... A19: =SUM(data!G19:G36) -> 6600 | B19: =AVERAGE(data!G19:G36) -> 6600 | C19: =COUNTA(data!A19:A36) -> 1

Sheet Dashboard
